{
  "$schema": "https://raw.githubusercontent.com/grafana/grafana/main/docs/sources/developers/plugins/plugin.schema.json",
  "type": "panel",
  "name": "FlowX",
  "id": "anilhut-flowx-panel",
  "info": {
    "keywords": ["panel"],
    "description": "Flow charting visualization",
    "author": {
      "name": "Anıl Hut"
    },
    "logos": {
      "small": "img/logo.svg",
      "large": "img/logo.svg"
    },
    "links": [],
    "screenshots": [
      {
        "name": "Screenshot 01",
        "path": "img/Screenshot_01.png"
      },
      {
        "name": "Screenshot 02",
        "path": "img/Screenshot_02.png"
      },
      {
        "name": "Screenshot 03",
        "path": "img/Screenshot_03.png"
      },
      {
        "name": "Screenshot 04",
        "path": "img/Screenshot_04.png"
      }
    ],
    "version": "1.0.3",
    "updated": "2024-10-09"
  },
  "dependencies": {
    "grafanaDependency": ">=10.1.0",
    "plugins": []
  }
}
