{
  "$schema": "https://raw.githubusercontent.com/grafana/grafana/main/docs/sources/developers/plugins/plugin.schema.json",
  "dependencies": {
    "grafanaDependency": ">=10.0.0",
    "plugins": []
  },
  "id": "volkovlabs-variable-panel",
  "info": {
    "author": {
      "name": "Volkov Labs",
      "url": "https://volkovlabs.io"
    },
    "description": "Update single, dependent and multi-variables.",
    "keywords": ["variable"],
    "links": [
      {
        "name": "Documentation",
        "url": "https://volkovlabs.io/plugins/business-variable/"
      },
      {
        "name": "GitHub",
        "url": "https://github.com/volkovlabs/business-variable"
      }
    ],
    "logos": {
      "large": "img/logo.svg",
      "small": "img/logo.svg"
    },
    "screenshots": [
      {
        "name": "Panel",
        "path": "img/dashboard.png"
      }
    ],
    "updated": "2024-10-24",
    "version": "3.6.0"
  },
  "name": "Business Variable",
  "type": "panel"
}
