{
  "$schema": "https://raw.githubusercontent.com/grafana/grafana/master/docs/sources/developers/plugins/plugin.schema.json",
  "type": "panel",
  "name": "Status Overview Panel",
  "id": "serrrios-statusoverview-panel",
  "info": {
    "keywords": ["panel"],
    "description": "Status Overview Panel for Grafana",
    "author": {
      "name": "Krasnov Sergei",
      "url": "https://github.com/serrrios"
    },
    "logos": {
      "small": "img/logo.svg",
      "large": "img/logo.svg"
    },
    "links": [{
      "name": "Project site",
      "url": "https://github.com/serrrios/Status-Overview-Panel"
    }],
    "screenshots": [{
      "name": "Preview",
      "path": "img/preview_transparent.png"
    }, {
      "name": "Blink",
      "path": "img/blink.gif"
    }],
    "version": "0.0.4",
    "updated": "2023-07-04"
  },
  "dependencies": {
    "grafanaDependency": ">=9.3.8",
    "plugins": []
  }
}
