{
  "__inputs": [],
  "__requires": [
    {
      "type": "grafana",
      "id": "grafana",
      "name": "Grafana",
      "version": "8.2.3"
    },
    {
      "type": "panel",
      "id": "logs",
      "name": "Logs",
      "version": ""
    },
    {
      "type": "datasource",
      "id": "redis-enterprise-software-datasource",
      "name": "Redis Enterprise Software",
      "version": "1.0.0"
    },
    {
      "type": "panel",
      "id": "stat",
      "name": "Stat",
      "version": ""
    }
  ],
  "annotations": {
    "list": [
      {
        "builtIn": 1,
        "datasource": "-- Grafana --",
        "enable": true,
        "hide": true,
        "iconColor": "rgba(0, 211, 255, 1)",
        "name": "Annotations & Alerts",
        "target": {
          "limit": 100,
          "matchAny": false,
          "tags": [],
          "type": "dashboard"
        },
        "type": "dashboard"
      }
    ]
  },
  "editable": true,
  "fiscalYearStartMonth": 0,
  "gnetId": null,
  "graphTooltip": 1,
  "id": null,
  "iteration": 1636757242705,
  "links": [
    {
      "icon": "external link",
      "includeVars": true,
      "keepTime": true,
      "tags": ["explorer"],
      "type": "dashboards"
    }
  ],
  "liveNow": false,
  "panels": [
    {
      "datasource": "$cluster",
      "fieldConfig": {
        "defaults": {
          "mappings": [],
          "thresholds": {
            "mode": "absolute",
            "steps": [
              {
                "color": "dark-blue",
                "value": null
              }
            ]
          }
        },
        "overrides": []
      },
      "gridPos": {
        "h": 2,
        "w": 5,
        "x": 0,
        "y": 0
      },
      "id": 6,
      "options": {
        "colorMode": "background",
        "graphMode": "area",
        "justifyMode": "center",
        "orientation": "auto",
        "reduceOptions": {
          "calcs": ["mean"],
          "fields": "/.*/",
          "values": true
        },
        "text": {},
        "textMode": "auto"
      },
      "pluginVersion": "8.2.3",
      "targets": [
        {
          "queryType": "cluster",
          "refId": "A"
        }
      ],
      "timeFrom": null,
      "timeShift": null,
      "title": "Cluster",
      "transformations": [
        {
          "id": "filterFieldsByName",
          "options": {
            "include": {
              "names": ["name"]
            }
          }
        }
      ],
      "type": "stat"
    },
    {
      "datasource": "-- Dashboard --",
      "fieldConfig": {
        "defaults": {
          "mappings": [],
          "thresholds": {
            "mode": "absolute",
            "steps": [
              {
                "color": "dark-blue",
                "value": null
              }
            ]
          },
          "unit": "dateTimeFromNow"
        },
        "overrides": [
          {
            "matcher": {
              "id": "byType",
              "options": "time"
            },
            "properties": [
              {
                "id": "unit",
                "value": "dateTimeFromNow"
              }
            ]
          }
        ]
      },
      "gridPos": {
        "h": 2,
        "w": 4,
        "x": 5,
        "y": 0
      },
      "id": 54,
      "options": {
        "colorMode": "background",
        "graphMode": "area",
        "justifyMode": "center",
        "orientation": "auto",
        "reduceOptions": {
          "calcs": ["mean"],
          "fields": "/.*/",
          "values": true
        },
        "text": {},
        "textMode": "auto"
      },
      "pluginVersion": "8.2.3",
      "targets": [
        {
          "panelId": 6,
          "refId": "A"
        }
      ],
      "timeFrom": null,
      "timeShift": null,
      "title": "Created",
      "transformations": [
        {
          "id": "filterFieldsByName",
          "options": {
            "include": {
              "names": ["created_time"]
            }
          }
        }
      ],
      "type": "stat"
    },
    {
      "datasource": "-- Dashboard --",
      "fieldConfig": {
        "defaults": {
          "mappings": [
            {
              "options": {
                "false": {
                  "color": "dark-orange",
                  "index": 1,
                  "text": "Disabled"
                },
                "true": {
                  "color": "dark-green",
                  "index": 0,
                  "text": "Enabled"
                }
              },
              "type": "value"
            }
          ],
          "thresholds": {
            "mode": "absolute",
            "steps": [
              {
                "color": "dark-blue",
                "value": null
              }
            ]
          },
          "unit": "short"
        },
        "overrides": []
      },
      "gridPos": {
        "h": 2,
        "w": 4,
        "x": 9,
        "y": 0
      },
      "id": 55,
      "options": {
        "colorMode": "background",
        "graphMode": "area",
        "justifyMode": "center",
        "orientation": "auto",
        "reduceOptions": {
          "calcs": ["mean"],
          "fields": "/.*/",
          "values": true
        },
        "text": {},
        "textMode": "auto"
      },
      "pluginVersion": "8.2.3",
      "targets": [
        {
          "panelId": 6,
          "refId": "A"
        }
      ],
      "timeFrom": null,
      "timeShift": null,
      "title": "Rack-zone awareness",
      "transformations": [
        {
          "id": "filterFieldsByName",
          "options": {
            "include": {
              "names": ["rack_aware"]
            }
          }
        }
      ],
      "type": "stat"
    },
    {
      "datasource": "$cluster",
      "fieldConfig": {
        "defaults": {
          "mappings": [],
          "noValue": "N/A",
          "thresholds": {
            "mode": "absolute",
            "steps": [
              {
                "color": "dark-blue",
                "value": null
              }
            ]
          },
          "unit": "short"
        },
        "overrides": []
      },
      "gridPos": {
        "h": 2,
        "w": 4,
        "x": 13,
        "y": 0
      },
      "id": 56,
      "options": {
        "colorMode": "background",
        "graphMode": "area",
        "justifyMode": "center",
        "orientation": "auto",
        "reduceOptions": {
          "calcs": ["mean"],
          "fields": "/.*/",
          "values": true
        },
        "text": {},
        "textMode": "auto"
      },
      "pluginVersion": "8.2.3",
      "targets": [
        {
          "queryType": "license",
          "refId": "A"
        }
      ],
      "timeFrom": null,
      "timeShift": null,
      "title": "License Features",
      "transformations": [
        {
          "id": "filterFieldsByName",
          "options": {
            "include": {
              "names": ["features"]
            }
          }
        }
      ],
      "type": "stat"
    },
    {
      "datasource": "-- Dashboard --",
      "fieldConfig": {
        "defaults": {
          "mappings": [],
          "thresholds": {
            "mode": "absolute",
            "steps": [
              {
                "color": "dark-blue",
                "value": null
              }
            ]
          },
          "unit": "dateTimeFromNow"
        },
        "overrides": [
          {
            "matcher": {
              "id": "byType",
              "options": "time"
            },
            "properties": [
              {
                "id": "unit",
                "value": "dateTimeFromNow"
              }
            ]
          }
        ]
      },
      "gridPos": {
        "h": 2,
        "w": 4,
        "x": 17,
        "y": 0
      },
      "id": 57,
      "options": {
        "colorMode": "background",
        "graphMode": "area",
        "justifyMode": "center",
        "orientation": "auto",
        "reduceOptions": {
          "calcs": ["mean"],
          "fields": "/.*/",
          "values": true
        },
        "text": {},
        "textMode": "auto"
      },
      "pluginVersion": "8.2.3",
      "targets": [
        {
          "panelId": 56,
          "refId": "A"
        }
      ],
      "timeFrom": null,
      "timeShift": null,
      "title": "License Expiration",
      "transformations": [
        {
          "id": "filterFieldsByName",
          "options": {
            "include": {
              "names": ["expiration_date"]
            }
          }
        }
      ],
      "type": "stat"
    },
    {
      "datasource": "-- Dashboard --",
      "fieldConfig": {
        "defaults": {
          "mappings": [],
          "thresholds": {
            "mode": "absolute",
            "steps": [
              {
                "color": "dark-blue",
                "value": null
              }
            ]
          },
          "unit": "short"
        },
        "overrides": []
      },
      "gridPos": {
        "h": 2,
        "w": 3,
        "x": 21,
        "y": 0
      },
      "id": 58,
      "options": {
        "colorMode": "background",
        "graphMode": "area",
        "justifyMode": "center",
        "orientation": "auto",
        "reduceOptions": {
          "calcs": ["mean"],
          "fields": "/.*/",
          "values": true
        },
        "text": {},
        "textMode": "auto"
      },
      "pluginVersion": "8.2.3",
      "targets": [
        {
          "panelId": 56,
          "refId": "A"
        }
      ],
      "timeFrom": null,
      "timeShift": null,
      "title": "Subscription limit",
      "transformations": [
        {
          "id": "filterFieldsByName",
          "options": {
            "include": {
              "names": ["shards_limit"]
            }
          }
        }
      ],
      "type": "stat"
    },
    {
      "datasource": "$cluster",
      "gridPos": {
        "h": 8,
        "w": 24,
        "x": 0,
        "y": 2
      },
      "id": 68,
      "options": {
        "dedupStrategy": "none",
        "enableLogDetails": true,
        "prettifyLogMessage": false,
        "showCommonLabels": false,
        "showLabels": false,
        "showTime": true,
        "sortOrder": "Descending",
        "wrapLogMessage": true
      },
      "targets": [
        {
          "alertType": "cluster",
          "queryType": "alerts",
          "refId": "A"
        }
      ],
      "timeFrom": null,
      "timeShift": null,
      "title": "Cluster",
      "type": "logs"
    },
    {
      "datasource": "$cluster",
      "gridPos": {
        "h": 8,
        "w": 24,
        "x": 0,
        "y": 10
      },
      "id": 71,
      "options": {
        "dedupStrategy": "none",
        "enableLogDetails": true,
        "prettifyLogMessage": false,
        "showCommonLabels": false,
        "showLabels": false,
        "showTime": true,
        "sortOrder": "Descending",
        "wrapLogMessage": true
      },
      "targets": [
        {
          "alertType": "bdbs",
          "queryType": "alerts",
          "refId": "A"
        }
      ],
      "timeFrom": null,
      "timeShift": null,
      "title": "Databases",
      "type": "logs"
    },
    {
      "datasource": "$cluster",
      "gridPos": {
        "h": 7,
        "w": 24,
        "x": 0,
        "y": 18
      },
      "id": 70,
      "options": {
        "dedupStrategy": "none",
        "enableLogDetails": true,
        "prettifyLogMessage": false,
        "showCommonLabels": false,
        "showLabels": false,
        "showTime": true,
        "sortOrder": "Descending",
        "wrapLogMessage": true
      },
      "targets": [
        {
          "alertType": "nodes",
          "queryType": "alerts",
          "refId": "A"
        }
      ],
      "timeFrom": null,
      "timeShift": null,
      "title": "Nodes",
      "type": "logs"
    }
  ],
  "refresh": false,
  "schemaVersion": 31,
  "style": "dark",
  "tags": ["explorer"],
  "templating": {
    "list": [
      {
        "current": {
          "selected": false,
          "text": "Redis Enterprise Software",
          "value": "Redis Enterprise Software"
        },
        "description": null,
        "error": null,
        "hide": 0,
        "includeAll": false,
        "label": "Cluster",
        "multi": false,
        "name": "cluster",
        "options": [],
        "query": "redis-enterprise-software-datasource",
        "queryValue": "",
        "refresh": 1,
        "regex": "",
        "skipUrlSync": false,
        "type": "datasource"
      }
    ]
  },
  "time": {
    "from": "now-30d",
    "to": "now"
  },
  "timepicker": {
    "refresh_intervals": ["10s", "30s", "1m", "5m", "15m", "30m", "1h", "2h", "1d"]
  },
  "timezone": "",
  "title": "Cluster Alerts",
  "uid": "xESAiFcnk",
  "version": 1
}
