{
  "__inputs": [],
  "__requires": [
    {
      "type": "grafana",
      "id": "grafana",
      "name": "Grafana",
      "version": "8.2.3"
    },
    {
      "type": "datasource",
      "id": "redis-enterprise-software-datasource",
      "name": "Redis Enterprise Software",
      "version": "1.0.0"
    },
    {
      "type": "panel",
      "id": "table",
      "name": "Table",
      "version": ""
    },
    {
      "type": "panel",
      "id": "timeseries",
      "name": "Time series",
      "version": ""
    }
  ],
  "annotations": {
    "list": [
      {
        "builtIn": 1,
        "datasource": "-- Grafana --",
        "enable": true,
        "hide": true,
        "iconColor": "rgba(0, 211, 255, 1)",
        "name": "Annotations & Alerts",
        "target": {
          "limit": 100,
          "matchAny": false,
          "tags": [],
          "type": "dashboard"
        },
        "type": "dashboard"
      }
    ]
  },
  "editable": true,
  "fiscalYearStartMonth": 0,
  "gnetId": null,
  "graphTooltip": 0,
  "id": null,
  "iteration": 1636662254592,
  "links": [
    {
      "icon": "external link",
      "includeVars": true,
      "keepTime": true,
      "tags": ["explorer"],
      "type": "dashboards"
    }
  ],
  "liveNow": false,
  "panels": [
    {
      "datasource": "$cluster",
      "fieldConfig": {
        "defaults": {
          "custom": {
            "align": null,
            "displayMode": "auto",
            "filterable": false
          },
          "mappings": [],
          "thresholds": {
            "mode": "absolute",
            "steps": [
              {
                "color": "green",
                "value": null
              },
              {
                "color": "red",
                "value": 80
              }
            ]
          }
        },
        "overrides": [
          {
            "matcher": {
              "id": "byName",
              "options": "Cores"
            },
            "properties": [
              {
                "id": "custom.width",
                "value": 82
              }
            ]
          },
          {
            "matcher": {
              "id": "byName",
              "options": "Shards"
            },
            "properties": [
              {
                "id": "custom.width",
                "value": 88
              }
            ]
          },
          {
            "matcher": {
              "id": "byName",
              "options": "Total Memory"
            },
            "properties": [
              {
                "id": "unit",
                "value": "decbytes"
              },
              {
                "id": "custom.width",
                "value": 133
              }
            ]
          },
          {
            "matcher": {
              "id": "byName",
              "options": "IP Address"
            },
            "properties": [
              {
                "id": "custom.width",
                "value": 148
              }
            ]
          },
          {
            "matcher": {
              "id": "byName",
              "options": "OS"
            },
            "properties": [
              {
                "id": "custom.width",
                "value": 210
              }
            ]
          },
          {
            "matcher": {
              "id": "byName",
              "options": "Version"
            },
            "properties": [
              {
                "id": "custom.width",
                "value": 181
              }
            ]
          },
          {
            "matcher": {
              "id": "byName",
              "options": "Id"
            },
            "properties": [
              {
                "id": "custom.width",
                "value": 60
              },
              {
                "id": "links",
                "value": [
                  {
                    "title": "Node",
                    "url": "/d/r9RbAZSGk/node?orgId=1&${__url_time_range}&var-cluster=${cluster}&var-node=${__data.fields[uid]}"
                  }
                ]
              }
            ]
          },
          {
            "matcher": {
              "id": "byName",
              "options": "Status"
            },
            "properties": [
              {
                "id": "mappings",
                "value": [
                  {
                    "options": {
                      "active": {
                        "color": "dark-green",
                        "index": 0,
                        "text": "OK"
                      }
                    },
                    "type": "value"
                  }
                ]
              }
            ]
          },
          {
            "matcher": {
              "id": "byName",
              "options": "Uptime"
            },
            "properties": [
              {
                "id": "unit",
                "value": "s"
              },
              {
                "id": "custom.width",
                "value": 147
              }
            ]
          },
          {
            "matcher": {
              "id": "byName",
              "options": "Rack-zone ID"
            },
            "properties": [
              {
                "id": "custom.width",
                "value": 119
              }
            ]
          },
          {
            "matcher": {
              "id": "byName",
              "options": "Node ID"
            },
            "properties": [
              {
                "id": "custom.width",
                "value": 116
              }
            ]
          }
        ]
      },
      "gridPos": {
        "h": 8,
        "w": 24,
        "x": 0,
        "y": 0
      },
      "id": 62,
      "options": {
        "showHeader": true,
        "sortBy": []
      },
      "pluginVersion": "8.2.3",
      "targets": [
        {
          "node": "",
          "queryType": "nodes",
          "refId": "A"
        }
      ],
      "timeFrom": null,
      "timeShift": null,
      "title": "Nodes",
      "transformations": [
        {
          "id": "filterFieldsByName",
          "options": {
            "include": {
              "names": [
                "total_memory",
                "uid",
                "uptime",
                "addr",
                "os_version",
                "rack_id",
                "status",
                "software_version",
                "shard_count",
                "cores",
                "external_addr"
              ]
            }
          }
        },
        {
          "id": "organize",
          "options": {
            "excludeByName": {
              "external_addr": true
            },
            "indexByName": {
              "addr": 1,
              "cores": 5,
              "os_version": 6,
              "rack_id": 2,
              "shard_count": 3,
              "software_version": 7,
              "status": 9,
              "total_memory": 4,
              "uid": 0,
              "uptime": 8
            },
            "renameByName": {
              "addr": "IP Address",
              "cores": "Cores",
              "external_addr": "External IP",
              "os_version": "OS",
              "rack_id": "Rack-zone ID",
              "shard_count": "Shards",
              "software_version": "Version",
              "status": "Status",
              "total_memory": "Total Memory",
              "uid": "Node ID",
              "uptime": "Uptime"
            }
          }
        }
      ],
      "type": "table"
    },
    {
      "collapsed": false,
      "datasource": "",
      "gridPos": {
        "h": 1,
        "w": 24,
        "x": 0,
        "y": 8
      },
      "id": 64,
      "panels": [],
      "repeat": "node",
      "title": "Node $node",
      "type": "row"
    },
    {
      "datasource": "$cluster",
      "fieldConfig": {
        "defaults": {
          "color": {
            "mode": "palette-classic"
          },
          "custom": {
            "axisLabel": "",
            "axisPlacement": "auto",
            "barAlignment": 0,
            "drawStyle": "line",
            "fillOpacity": 51,
            "gradientMode": "opacity",
            "hideFrom": {
              "legend": false,
              "tooltip": false,
              "viz": false
            },
            "lineInterpolation": "linear",
            "lineWidth": 1,
            "pointSize": 5,
            "scaleDistribution": {
              "type": "linear"
            },
            "showPoints": "never",
            "spanNulls": true,
            "stacking": {
              "group": "A",
              "mode": "none"
            },
            "thresholdsStyle": {
              "mode": "off"
            }
          },
          "decimals": 2,
          "mappings": [],
          "max": 1,
          "min": 0,
          "thresholds": {
            "mode": "absolute",
            "steps": [
              {
                "color": "green",
                "value": null
              },
              {
                "color": "red",
                "value": 80
              }
            ]
          },
          "unit": "percentunit"
        },
        "overrides": []
      },
      "gridPos": {
        "h": 9,
        "w": 8,
        "x": 0,
        "y": 9
      },
      "id": 51,
      "options": {
        "legend": {
          "calcs": ["mean", "lastNotNull", "max"],
          "displayMode": "table",
          "placement": "bottom"
        },
        "tooltip": {
          "mode": "multi"
        }
      },
      "pluginVersion": "8.0.0",
      "targets": [
        {
          "node": "$node",
          "queryType": "stats",
          "refId": "A",
          "statsInterval": "$interval",
          "statsType": "nodes"
        }
      ],
      "timeFrom": null,
      "timeShift": null,
      "title": "CPU",
      "transformations": [
        {
          "id": "filterFieldsByName",
          "options": {
            "include": {
              "names": ["cpu_iowait", "cpu_irqs", "cpu_nice", "cpu_steal", "cpu_system", "cpu_user", "etime"]
            }
          }
        },
        {
          "id": "organize",
          "options": {
            "excludeByName": {},
            "indexByName": {},
            "renameByName": {
              "cpu_idle": "Idle",
              "cpu_iowait": "IOWait",
              "cpu_irqs": "IRQs",
              "cpu_nice": "Nice",
              "cpu_steal": "Steal",
              "cpu_system": "System",
              "cpu_user": "User",
              "etime": "Time"
            }
          }
        }
      ],
      "type": "timeseries"
    },
    {
      "datasource": "$cluster",
      "fieldConfig": {
        "defaults": {
          "color": {
            "mode": "palette-classic"
          },
          "custom": {
            "axisLabel": "",
            "axisPlacement": "auto",
            "barAlignment": 0,
            "drawStyle": "line",
            "fillOpacity": 52,
            "gradientMode": "opacity",
            "hideFrom": {
              "legend": false,
              "tooltip": false,
              "viz": false
            },
            "lineInterpolation": "linear",
            "lineWidth": 1,
            "pointSize": 5,
            "scaleDistribution": {
              "type": "linear"
            },
            "showPoints": "never",
            "spanNulls": true,
            "stacking": {
              "group": "A",
              "mode": "none"
            },
            "thresholdsStyle": {
              "mode": "off"
            }
          },
          "mappings": [],
          "min": 0,
          "thresholds": {
            "mode": "absolute",
            "steps": [
              {
                "color": "green",
                "value": null
              },
              {
                "color": "red",
                "value": 80
              }
            ]
          },
          "unit": "decbytes"
        },
        "overrides": []
      },
      "gridPos": {
        "h": 9,
        "w": 8,
        "x": 8,
        "y": 9
      },
      "id": 52,
      "options": {
        "legend": {
          "calcs": ["mean", "lastNotNull", "max"],
          "displayMode": "table",
          "placement": "bottom"
        },
        "tooltip": {
          "mode": "multi"
        }
      },
      "pluginVersion": "8.0.0",
      "targets": [
        {
          "node": "$node",
          "queryType": "stats",
          "refId": "A",
          "statsInterval": "$interval",
          "statsType": "nodes"
        }
      ],
      "timeFrom": null,
      "timeShift": null,
      "title": "Memory",
      "transformations": [
        {
          "id": "filterFieldsByName",
          "options": {
            "include": {
              "names": [
                "available_memory",
                "available_memory_no_overbooking",
                "provisional_memory",
                "provisional_memory_no_overbooking",
                "etime",
                "free_memory"
              ]
            }
          }
        },
        {
          "id": "organize",
          "options": {
            "excludeByName": {},
            "indexByName": {},
            "renameByName": {
              "available_memory": "Available",
              "available_memory_no_overbooking": "Available (No Overbooking)",
              "cpu_idle": "Idle",
              "cpu_iowait": "IOWait",
              "cpu_irqs": "IRQs",
              "cpu_nice": "Nice",
              "cpu_steal": "Steal",
              "cpu_system": "System",
              "cpu_user": "User",
              "etime": "Time",
              "free_memory": "Free",
              "provisional_memory": "Provisional",
              "provisional_memory_no_overbooking": "Provisional (No Overbooking)"
            }
          }
        }
      ],
      "type": "timeseries"
    },
    {
      "datasource": "$cluster",
      "fieldConfig": {
        "defaults": {
          "color": {
            "mode": "palette-classic"
          },
          "custom": {
            "axisLabel": "",
            "axisPlacement": "auto",
            "barAlignment": 0,
            "drawStyle": "line",
            "fillOpacity": 49,
            "gradientMode": "opacity",
            "hideFrom": {
              "legend": false,
              "tooltip": false,
              "viz": false
            },
            "lineInterpolation": "linear",
            "lineWidth": 1,
            "pointSize": 5,
            "scaleDistribution": {
              "type": "linear"
            },
            "showPoints": "never",
            "spanNulls": true,
            "stacking": {
              "group": "A",
              "mode": "none"
            },
            "thresholdsStyle": {
              "mode": "off"
            }
          },
          "mappings": [],
          "min": 0,
          "thresholds": {
            "mode": "absolute",
            "steps": [
              {
                "color": "green",
                "value": null
              },
              {
                "color": "red",
                "value": 80
              }
            ]
          },
          "unit": "Bps"
        },
        "overrides": []
      },
      "gridPos": {
        "h": 9,
        "w": 8,
        "x": 16,
        "y": 9
      },
      "id": 53,
      "options": {
        "legend": {
          "calcs": ["mean", "lastNotNull", "max"],
          "displayMode": "table",
          "placement": "bottom"
        },
        "tooltip": {
          "mode": "multi"
        }
      },
      "pluginVersion": "8.0.0",
      "targets": [
        {
          "node": "$node",
          "queryType": "stats",
          "refId": "A",
          "statsInterval": "$interval",
          "statsType": "nodes"
        }
      ],
      "timeFrom": null,
      "timeShift": null,
      "title": "Network",
      "transformations": [
        {
          "id": "filterFieldsByName",
          "options": {
            "include": {
              "names": ["etime", "egress_bytes", "ingress_bytes"]
            }
          }
        },
        {
          "id": "organize",
          "options": {
            "excludeByName": {},
            "indexByName": {},
            "renameByName": {
              "available_memory": "Available",
              "available_memory_no_overbooking": "Available (No Overbooking)",
              "cpu_idle": "Idle",
              "cpu_iowait": "IOWait",
              "cpu_irqs": "IRQs",
              "cpu_nice": "Nice",
              "cpu_steal": "Steal",
              "cpu_system": "System",
              "cpu_user": "User",
              "egress_bytes": "Outgoing",
              "etime": "Time",
              "free_memory": "Free",
              "ingress_bytes": "Incoming",
              "provisional_memory": "Provisional",
              "provisional_memory_no_overbooking": "Provisional (No Overbooking)"
            }
          }
        }
      ],
      "type": "timeseries"
    }
  ],
  "refresh": false,
  "schemaVersion": 31,
  "style": "dark",
  "tags": ["explorer"],
  "templating": {
    "list": [
      {
        "current": {
          "selected": false,
          "text": "Redis Enterprise Software",
          "value": "Redis Enterprise Software"
        },
        "description": null,
        "error": null,
        "hide": 0,
        "includeAll": false,
        "label": "Cluster",
        "multi": false,
        "name": "cluster",
        "options": [],
        "query": "redis-enterprise-software-datasource",
        "queryValue": "",
        "refresh": 1,
        "regex": "",
        "skipUrlSync": false,
        "type": "datasource"
      },
      {
        "auto": false,
        "auto_count": 30,
        "auto_min": "10s",
        "current": {
          "selected": false,
          "text": "1hour",
          "value": "1hour"
        },
        "description": null,
        "error": null,
        "hide": 0,
        "label": "Interval",
        "name": "interval",
        "options": [
          {
            "selected": false,
            "text": "1sec",
            "value": "1sec"
          },
          {
            "selected": false,
            "text": "10sec",
            "value": "10sec"
          },
          {
            "selected": false,
            "text": "5min",
            "value": "5min"
          },
          {
            "selected": false,
            "text": "15min",
            "value": "15min"
          },
          {
            "selected": true,
            "text": "1hour",
            "value": "1hour"
          },
          {
            "selected": false,
            "text": "12hour",
            "value": "12hour"
          },
          {
            "selected": false,
            "text": "1week",
            "value": "1week"
          }
        ],
        "query": "1sec,10sec,5min,15min,1hour,12hour,1week",
        "queryValue": "",
        "refresh": 2,
        "skipUrlSync": false,
        "type": "interval"
      },
      {
        "allValue": null,
        "current": {},
        "datasource": "$cluster",
        "definition": "Node ids",
        "description": null,
        "error": null,
        "hide": 0,
        "includeAll": true,
        "label": "Node",
        "multi": false,
        "name": "node",
        "options": [],
        "query": {
          "queryType": "nodes"
        },
        "refresh": 1,
        "regex": "",
        "skipUrlSync": false,
        "sort": 0,
        "tagValuesQuery": "",
        "tagsQuery": "",
        "type": "query",
        "useTags": false
      }
    ]
  },
  "time": {
    "from": "now-24h",
    "to": "now"
  },
  "timepicker": {
    "refresh_intervals": ["10s", "30s", "1m", "5m", "15m", "30m", "1h", "2h", "1d"]
  },
  "timezone": "",
  "title": "Cluster Nodes",
  "uid": "hqze6rtGz",
  "version": 1
}
