{
  "__inputs": [],
  "__requires": [
    {
      "type": "grafana",
      "id": "grafana",
      "name": "Grafana",
      "version": "8.2.3"
    },
    {
      "type": "datasource",
      "id": "redis-enterprise-software-datasource",
      "name": "Redis Enterprise Software",
      "version": "1.0.0"
    },
    {
      "type": "panel",
      "id": "stat",
      "name": "Stat",
      "version": ""
    },
    {
      "type": "panel",
      "id": "table",
      "name": "Table",
      "version": ""
    },
    {
      "type": "panel",
      "id": "timeseries",
      "name": "Time series",
      "version": ""
    }
  ],
  "annotations": {
    "list": [
      {
        "builtIn": 1,
        "datasource": "-- Grafana --",
        "enable": true,
        "hide": true,
        "iconColor": "rgba(0, 211, 255, 1)",
        "name": "Annotations & Alerts",
        "target": {
          "limit": 100,
          "matchAny": false,
          "tags": [],
          "type": "dashboard"
        },
        "type": "dashboard"
      }
    ]
  },
  "editable": true,
  "fiscalYearStartMonth": 0,
  "gnetId": null,
  "graphTooltip": 0,
  "id": null,
  "iteration": 1636662278237,
  "links": [
    {
      "icon": "external link",
      "includeVars": true,
      "keepTime": true,
      "tags": ["explorer"],
      "type": "dashboards"
    }
  ],
  "liveNow": false,
  "panels": [
    {
      "datasource": "$cluster",
      "fieldConfig": {
        "defaults": {
          "custom": {
            "align": null,
            "displayMode": "auto",
            "filterable": false
          },
          "links": [],
          "mappings": [],
          "thresholds": {
            "mode": "absolute",
            "steps": [
              {
                "color": "green",
                "value": null
              }
            ]
          }
        },
        "overrides": [
          {
            "matcher": {
              "id": "byName",
              "options": "Memory Limit"
            },
            "properties": [
              {
                "id": "unit",
                "value": "decbytes"
              },
              {
                "id": "custom.width",
                "value": 121
              }
            ]
          },
          {
            "matcher": {
              "id": "byName",
              "options": "Type"
            },
            "properties": [
              {
                "id": "custom.width",
                "value": null
              }
            ]
          },
          {
            "matcher": {
              "id": "byName",
              "options": "Shards"
            },
            "properties": [
              {
                "id": "custom.width",
                "value": 99
              }
            ]
          },
          {
            "matcher": {
              "id": "byName",
              "options": "Version"
            },
            "properties": [
              {
                "id": "custom.width",
                "value": 122
              }
            ]
          },
          {
            "matcher": {
              "id": "byName",
              "options": "Replication"
            },
            "properties": [
              {
                "id": "custom.width",
                "value": 141
              }
            ]
          },
          {
            "matcher": {
              "id": "byName",
              "options": "Persistence"
            },
            "properties": [
              {
                "id": "custom.width",
                "value": 162
              }
            ]
          },
          {
            "matcher": {
              "id": "byName",
              "options": "Eviction"
            },
            "properties": [
              {
                "id": "custom.width",
                "value": 126
              }
            ]
          },
          {
            "matcher": {
              "id": "byName",
              "options": "Name"
            },
            "properties": [
              {
                "id": "custom.width",
                "value": 416
              }
            ]
          },
          {
            "matcher": {
              "id": "byName",
              "options": "Id"
            },
            "properties": [
              {
                "id": "custom.width",
                "value": 61
              }
            ]
          },
          {
            "matcher": {
              "id": "byName",
              "options": "SSL"
            },
            "properties": [
              {
                "id": "custom.width",
                "value": 100
              },
              {
                "id": "mappings",
                "value": [
                  {
                    "options": {
                      "false": {
                        "color": "dark-orange",
                        "index": 0,
                        "text": "Disabled"
                      }
                    },
                    "type": "value"
                  }
                ]
              }
            ]
          },
          {
            "matcher": {
              "id": "byName",
              "options": "Status"
            },
            "properties": [
              {
                "id": "mappings",
                "value": [
                  {
                    "options": {
                      "active": {
                        "color": "dark-green",
                        "index": 0,
                        "text": "OK"
                      }
                    },
                    "type": "value"
                  }
                ]
              }
            ]
          }
        ]
      },
      "gridPos": {
        "h": 11,
        "w": 24,
        "x": 0,
        "y": 0
      },
      "id": 74,
      "links": [],
      "options": {
        "showHeader": true,
        "sortBy": [
          {
            "desc": false,
            "displayName": "Name"
          }
        ]
      },
      "pluginVersion": "8.2.3",
      "targets": [
        {
          "queryType": "bdbs",
          "refId": "A"
        }
      ],
      "timeFrom": null,
      "timeShift": null,
      "title": "Databases",
      "transformations": [
        {
          "id": "filterFieldsByName",
          "options": {
            "include": {
              "names": [
                "memory_size",
                "replication",
                "name",
                "version",
                "data_persistence",
                "eviction_policy",
                "type",
                "uid",
                "shards_count",
                "status",
                "shards_placement",
                "ssl"
              ]
            }
          }
        },
        {
          "id": "organize",
          "options": {
            "excludeByName": {},
            "indexByName": {
              "data_persistence": 7,
              "eviction_policy": 8,
              "memory_size": 3,
              "name": 1,
              "replication": 6,
              "shards_count": 4,
              "shards_placement": 9,
              "ssl": 10,
              "status": 11,
              "type": 2,
              "uid": 0,
              "version": 5
            },
            "renameByName": {
              "data_persistence": "Persistence",
              "eviction_policy": "Eviction",
              "memory_size": "Memory Limit",
              "name": "Name",
              "redis_version": "Version",
              "replication": "Replication",
              "shards_count": "Shards",
              "shards_placement": "Shard Placement",
              "ssl": "SSL",
              "status": "Status",
              "type": "Type",
              "uid": "Id",
              "version": "Version"
            }
          }
        }
      ],
      "type": "table"
    },
    {
      "collapsed": false,
      "datasource": null,
      "gridPos": {
        "h": 1,
        "w": 24,
        "x": 0,
        "y": 11
      },
      "id": 64,
      "panels": [],
      "repeat": "db",
      "title": "Database $db",
      "type": "row"
    },
    {
      "datasource": "$cluster",
      "fieldConfig": {
        "defaults": {
          "mappings": [],
          "thresholds": {
            "mode": "absolute",
            "steps": [
              {
                "color": "dark-blue",
                "value": null
              }
            ]
          },
          "unit": "short"
        },
        "overrides": []
      },
      "gridPos": {
        "h": 3,
        "w": 3,
        "x": 0,
        "y": 12
      },
      "id": 122,
      "options": {
        "colorMode": "background",
        "graphMode": "area",
        "justifyMode": "auto",
        "orientation": "auto",
        "reduceOptions": {
          "calcs": ["mean"],
          "fields": "/.*/",
          "values": true
        },
        "text": {},
        "textMode": "auto"
      },
      "pluginVersion": "8.2.3",
      "targets": [
        {
          "bdb": "$db",
          "queryType": "bdbs",
          "refId": "A"
        }
      ],
      "timeFrom": null,
      "timeShift": null,
      "title": "Name",
      "transformations": [
        {
          "id": "filterFieldsByName",
          "options": {
            "include": {
              "pattern": "/^name$/"
            }
          }
        },
        {
          "id": "organize",
          "options": {
            "excludeByName": {
              "authentication_sasl_uname": false,
              "authorized_names": false
            },
            "indexByName": {},
            "renameByName": {
              "available_memory": "Available",
              "available_memory_no_overbooking": "Available (No Overbooking)",
              "conns": "Connections",
              "cpu_idle": "Idle",
              "cpu_iowait": "IOWait",
              "cpu_irqs": "IRQs",
              "cpu_nice": "Nice",
              "cpu_steal": "Steal",
              "cpu_system": "System",
              "cpu_user": "User",
              "etime": "Time",
              "free_memory": "Free",
              "provisional_memory": "Provisional",
              "provisional_memory_no_overbooking": "Provisional (No Overbooking)"
            }
          }
        }
      ],
      "type": "stat"
    },
    {
      "datasource": "$cluster",
      "fieldConfig": {
        "defaults": {
          "color": {
            "mode": "palette-classic"
          },
          "custom": {
            "axisLabel": "",
            "axisPlacement": "auto",
            "barAlignment": 0,
            "drawStyle": "line",
            "fillOpacity": 52,
            "gradientMode": "opacity",
            "hideFrom": {
              "legend": false,
              "tooltip": false,
              "viz": false
            },
            "lineInterpolation": "linear",
            "lineWidth": 1,
            "pointSize": 5,
            "scaleDistribution": {
              "type": "linear"
            },
            "showPoints": "never",
            "spanNulls": true,
            "stacking": {
              "group": "A",
              "mode": "none"
            },
            "thresholdsStyle": {
              "mode": "off"
            }
          },
          "mappings": [],
          "thresholds": {
            "mode": "absolute",
            "steps": [
              {
                "color": "green",
                "value": null
              },
              {
                "color": "red",
                "value": 80
              }
            ]
          },
          "unit": "short"
        },
        "overrides": []
      },
      "gridPos": {
        "h": 7,
        "w": 7,
        "x": 3,
        "y": 12
      },
      "id": 139,
      "options": {
        "legend": {
          "calcs": ["mean", "lastNotNull", "max"],
          "displayMode": "table",
          "placement": "bottom"
        },
        "tooltip": {
          "mode": "multi"
        }
      },
      "pluginVersion": "8.0.0",
      "targets": [
        {
          "bdb": "$db",
          "node": "$node",
          "queryType": "stats",
          "refId": "A",
          "statsInterval": "$interval",
          "statsType": "bdbs"
        }
      ],
      "timeFrom": null,
      "timeShift": null,
      "title": "Ops/Sec",
      "transformations": [
        {
          "id": "filterFieldsByName",
          "options": {
            "include": {
              "names": ["etime", "instantaneous_ops_per_sec"]
            }
          }
        },
        {
          "id": "organize",
          "options": {
            "excludeByName": {},
            "indexByName": {},
            "renameByName": {
              "avg_latency": "Average",
              "avg_read_latency": "Rea",
              "avg_write_latency": "Write",
              "cpu_idle": "Idle",
              "cpu_iowait": "IOWait",
              "cpu_irqs": "IRQs",
              "cpu_nice": "Nice",
              "cpu_steal": "Steal",
              "cpu_system": "System",
              "cpu_user": "User",
              "etime": "Time",
              "instantaneous_ops_per_sec": "Ops/Sec"
            }
          }
        }
      ],
      "type": "timeseries"
    },
    {
      "datasource": "$cluster",
      "fieldConfig": {
        "defaults": {
          "color": {
            "mode": "palette-classic"
          },
          "custom": {
            "axisLabel": "",
            "axisPlacement": "auto",
            "barAlignment": 0,
            "drawStyle": "line",
            "fillOpacity": 52,
            "gradientMode": "opacity",
            "hideFrom": {
              "legend": false,
              "tooltip": false,
              "viz": false
            },
            "lineInterpolation": "linear",
            "lineWidth": 1,
            "pointSize": 5,
            "scaleDistribution": {
              "type": "linear"
            },
            "showPoints": "never",
            "spanNulls": true,
            "stacking": {
              "group": "A",
              "mode": "none"
            },
            "thresholdsStyle": {
              "mode": "off"
            }
          },
          "mappings": [],
          "thresholds": {
            "mode": "absolute",
            "steps": [
              {
                "color": "green",
                "value": null
              },
              {
                "color": "red",
                "value": 80
              }
            ]
          },
          "unit": "µs"
        },
        "overrides": []
      },
      "gridPos": {
        "h": 7,
        "w": 7,
        "x": 10,
        "y": 12
      },
      "id": 51,
      "options": {
        "legend": {
          "calcs": ["mean", "lastNotNull", "max"],
          "displayMode": "table",
          "placement": "bottom"
        },
        "tooltip": {
          "mode": "multi"
        }
      },
      "pluginVersion": "8.0.0",
      "targets": [
        {
          "bdb": "$db",
          "node": "$node",
          "queryType": "stats",
          "refId": "A",
          "statsInterval": "$interval",
          "statsType": "bdbs"
        }
      ],
      "timeFrom": null,
      "timeShift": null,
      "title": "Latency",
      "transformations": [
        {
          "id": "filterFieldsByName",
          "options": {
            "include": {
              "names": ["etime", "avg_latency", "avg_read_latency", "avg_write_latency"]
            }
          }
        },
        {
          "id": "organize",
          "options": {
            "excludeByName": {},
            "indexByName": {},
            "renameByName": {
              "avg_latency": "Average",
              "avg_read_latency": "Read",
              "avg_write_latency": "Write",
              "cpu_idle": "Idle",
              "cpu_iowait": "IOWait",
              "cpu_irqs": "IRQs",
              "cpu_nice": "Nice",
              "cpu_steal": "Steal",
              "cpu_system": "System",
              "cpu_user": "User",
              "etime": "Time"
            }
          }
        }
      ],
      "type": "timeseries"
    },
    {
      "datasource": "$cluster",
      "fieldConfig": {
        "defaults": {
          "color": {
            "mode": "palette-classic"
          },
          "custom": {
            "axisLabel": "",
            "axisPlacement": "auto",
            "barAlignment": 0,
            "drawStyle": "line",
            "fillOpacity": 50,
            "gradientMode": "opacity",
            "hideFrom": {
              "legend": false,
              "tooltip": false,
              "viz": false
            },
            "lineInterpolation": "linear",
            "lineWidth": 1,
            "pointSize": 5,
            "scaleDistribution": {
              "type": "linear"
            },
            "showPoints": "never",
            "spanNulls": true,
            "stacking": {
              "group": "A",
              "mode": "none"
            },
            "thresholdsStyle": {
              "mode": "off"
            }
          },
          "mappings": [],
          "min": 0,
          "thresholds": {
            "mode": "absolute",
            "steps": [
              {
                "color": "green",
                "value": null
              },
              {
                "color": "red",
                "value": 80
              }
            ]
          },
          "unit": "Bps"
        },
        "overrides": []
      },
      "gridPos": {
        "h": 7,
        "w": 7,
        "x": 17,
        "y": 12
      },
      "id": 53,
      "options": {
        "legend": {
          "calcs": ["mean", "lastNotNull", "max"],
          "displayMode": "table",
          "placement": "bottom"
        },
        "tooltip": {
          "mode": "multi"
        }
      },
      "pluginVersion": "8.0.0",
      "targets": [
        {
          "bdb": "$db",
          "queryType": "stats",
          "refId": "A",
          "statsInterval": "$interval",
          "statsType": "bdbs"
        }
      ],
      "timeFrom": null,
      "timeShift": null,
      "title": "Network",
      "transformations": [
        {
          "id": "filterFieldsByName",
          "options": {
            "include": {
              "names": ["etime", "egress_bytes", "ingress_bytes"]
            }
          }
        },
        {
          "id": "organize",
          "options": {
            "excludeByName": {},
            "indexByName": {},
            "renameByName": {
              "available_memory": "Available",
              "available_memory_no_overbooking": "Available (No Overbooking)",
              "cpu_idle": "Idle",
              "cpu_iowait": "IOWait",
              "cpu_irqs": "IRQs",
              "cpu_nice": "Nice",
              "cpu_steal": "Steal",
              "cpu_system": "System",
              "cpu_user": "User",
              "egress_bytes": "Outgoing",
              "etime": "Time",
              "free_memory": "Free",
              "ingress_bytes": "Incoming",
              "provisional_memory": "Provisional",
              "provisional_memory_no_overbooking": "Provisional (No Overbooking)"
            }
          }
        }
      ],
      "type": "timeseries"
    },
    {
      "datasource": "$cluster",
      "fieldConfig": {
        "defaults": {
          "mappings": [],
          "thresholds": {
            "mode": "absolute",
            "steps": [
              {
                "color": "dark-blue",
                "value": null
              }
            ]
          },
          "unit": "decbytes"
        },
        "overrides": []
      },
      "gridPos": {
        "h": 4,
        "w": 3,
        "x": 0,
        "y": 15
      },
      "id": 107,
      "options": {
        "colorMode": "background",
        "graphMode": "area",
        "justifyMode": "auto",
        "orientation": "auto",
        "reduceOptions": {
          "calcs": ["last"],
          "fields": "",
          "values": false
        },
        "text": {},
        "textMode": "auto"
      },
      "pluginVersion": "8.2.3",
      "targets": [
        {
          "bdb": "$db",
          "queryType": "stats",
          "refId": "A",
          "statsInterval": "$interval",
          "statsType": "bdbs"
        }
      ],
      "timeFrom": null,
      "timeShift": null,
      "title": "Used Memory",
      "transformations": [
        {
          "id": "filterFieldsByName",
          "options": {
            "include": {
              "names": ["etime", "used_memory"]
            }
          }
        },
        {
          "id": "organize",
          "options": {
            "excludeByName": {},
            "indexByName": {},
            "renameByName": {
              "available_memory": "Available",
              "available_memory_no_overbooking": "Available (No Overbooking)",
              "conns": "Connections",
              "cpu_idle": "Idle",
              "cpu_iowait": "IOWait",
              "cpu_irqs": "IRQs",
              "cpu_nice": "Nice",
              "cpu_steal": "Steal",
              "cpu_system": "System",
              "cpu_user": "User",
              "etime": "Time",
              "free_memory": "Free",
              "provisional_memory": "Provisional",
              "provisional_memory_no_overbooking": "Provisional (No Overbooking)"
            }
          }
        }
      ],
      "type": "stat"
    }
  ],
  "refresh": false,
  "schemaVersion": 31,
  "style": "dark",
  "tags": ["explorer"],
  "templating": {
    "list": [
      {
        "current": {
          "selected": false,
          "text": "Redis Enterprise Software",
          "value": "Redis Enterprise Software"
        },
        "description": null,
        "error": null,
        "hide": 0,
        "includeAll": false,
        "label": "Cluster",
        "multi": false,
        "name": "cluster",
        "options": [],
        "query": "redis-enterprise-software-datasource",
        "queryValue": "",
        "refresh": 1,
        "regex": "",
        "skipUrlSync": false,
        "type": "datasource"
      },
      {
        "auto": false,
        "auto_count": 30,
        "auto_min": "10s",
        "current": {
          "selected": false,
          "text": "15min",
          "value": "15min"
        },
        "description": null,
        "error": null,
        "hide": 0,
        "label": "Interval",
        "name": "interval",
        "options": [
          {
            "selected": false,
            "text": "1sec",
            "value": "1sec"
          },
          {
            "selected": false,
            "text": "10sec",
            "value": "10sec"
          },
          {
            "selected": false,
            "text": "5min",
            "value": "5min"
          },
          {
            "selected": false,
            "text": "15min",
            "value": "15min"
          },
          {
            "selected": true,
            "text": "1hour",
            "value": "1hour"
          },
          {
            "selected": false,
            "text": "12hour",
            "value": "12hour"
          },
          {
            "selected": false,
            "text": "1week",
            "value": "1week"
          }
        ],
        "query": "1sec,10sec,5min,15min,1hour,12hour,1week",
        "queryValue": "",
        "refresh": 2,
        "skipUrlSync": false,
        "type": "interval"
      },
      {
        "allValue": null,
        "current": {},
        "datasource": "$cluster",
        "definition": "Database ids",
        "description": null,
        "error": null,
        "hide": 0,
        "includeAll": true,
        "label": "Database",
        "multi": false,
        "name": "db",
        "options": [],
        "query": {
          "queryType": "bdbs"
        },
        "refresh": 1,
        "regex": "",
        "skipUrlSync": false,
        "sort": 0,
        "tagValuesQuery": "",
        "tagsQuery": "",
        "type": "query",
        "useTags": false
      }
    ]
  },
  "time": {
    "from": "now-24h",
    "to": "now"
  },
  "timepicker": {
    "refresh_intervals": ["10s", "30s", "1m", "5m", "15m", "30m", "1h", "2h", "1d"]
  },
  "timezone": "",
  "title": "Cluster Databases",
  "uid": "k_A8MjtMk",
  "version": 1
}
