{
  "__inputs": [],
  "__requires": [
    {
      "type": "grafana",
      "id": "grafana",
      "name": "Grafana",
      "version": "8.2.3"
    },
    {
      "type": "datasource",
      "id": "redis-enterprise-software-datasource",
      "name": "Redis Enterprise Software",
      "version": "1.0.0"
    },
    {
      "type": "panel",
      "id": "stat",
      "name": "Stat",
      "version": ""
    },
    {
      "type": "panel",
      "id": "timeseries",
      "name": "Time series",
      "version": ""
    }
  ],
  "annotations": {
    "list": [
      {
        "builtIn": 1,
        "datasource": "-- Grafana --",
        "enable": true,
        "hide": true,
        "iconColor": "rgba(0, 211, 255, 1)",
        "name": "Annotations & Alerts",
        "target": {
          "limit": 100,
          "matchAny": false,
          "tags": [],
          "type": "dashboard"
        },
        "type": "dashboard"
      }
    ]
  },
  "editable": true,
  "fiscalYearStartMonth": 0,
  "gnetId": null,
  "graphTooltip": 0,
  "id": null,
  "iteration": 1636664457126,
  "links": [
    {
      "asDropdown": false,
      "icon": "external link",
      "includeVars": false,
      "keepTime": true,
      "tags": ["explorer"],
      "targetBlank": false,
      "title": "Explorer",
      "tooltip": "",
      "type": "dashboards",
      "url": ""
    }
  ],
  "liveNow": false,
  "panels": [
    {
      "datasource": "$cluster",
      "gridPos": {
        "h": 1,
        "w": 24,
        "x": 0,
        "y": 0
      },
      "id": 6,
      "panels": [],
      "repeat": "cluster",
      "title": "$cluster",
      "type": "row"
    },
    {
      "datasource": "$cluster",
      "fieldConfig": {
        "defaults": {
          "links": [
            {
              "title": "Cluster Overview",
              "url": "d/viroIzSGz/cluster-overview?${__all_variables}"
            }
          ],
          "mappings": [],
          "thresholds": {
            "mode": "absolute",
            "steps": [
              {
                "color": "dark-blue",
                "value": null
              }
            ]
          }
        },
        "overrides": []
      },
      "gridPos": {
        "h": 2,
        "w": 4,
        "x": 0,
        "y": 1
      },
      "id": 4,
      "links": [
        {
          "title": "Cluster Overview",
          "url": "d/viroIzSGz/cluster-overview?${__all_variables}"
        }
      ],
      "options": {
        "colorMode": "background",
        "graphMode": "area",
        "justifyMode": "auto",
        "orientation": "auto",
        "reduceOptions": {
          "calcs": ["mean"],
          "fields": "/.*/",
          "values": true
        },
        "text": {},
        "textMode": "auto"
      },
      "pluginVersion": "8.2.3",
      "targets": [
        {
          "queryType": "cluster",
          "refId": "A"
        }
      ],
      "timeFrom": null,
      "timeShift": null,
      "title": "Name",
      "transformations": [
        {
          "id": "filterFieldsByName",
          "options": {
            "include": {
              "names": ["name"]
            }
          }
        }
      ],
      "type": "stat"
    },
    {
      "datasource": "$cluster",
      "fieldConfig": {
        "defaults": {
          "color": {
            "mode": "palette-classic"
          },
          "custom": {
            "axisLabel": "",
            "axisPlacement": "auto",
            "barAlignment": 0,
            "drawStyle": "line",
            "fillOpacity": 49,
            "gradientMode": "opacity",
            "hideFrom": {
              "legend": false,
              "tooltip": false,
              "viz": false
            },
            "lineInterpolation": "linear",
            "lineWidth": 1,
            "pointSize": 5,
            "scaleDistribution": {
              "type": "linear"
            },
            "showPoints": "never",
            "spanNulls": true,
            "stacking": {
              "group": "A",
              "mode": "none"
            },
            "thresholdsStyle": {
              "mode": "off"
            }
          },
          "decimals": 2,
          "mappings": [],
          "min": 0,
          "thresholds": {
            "mode": "absolute",
            "steps": [
              {
                "color": "green",
                "value": null
              },
              {
                "color": "red",
                "value": 80
              }
            ]
          },
          "unit": "µs"
        },
        "overrides": []
      },
      "gridPos": {
        "h": 7,
        "w": 8,
        "x": 4,
        "y": 1
      },
      "id": 12,
      "options": {
        "legend": {
          "calcs": [],
          "displayMode": "hidden",
          "placement": "bottom"
        },
        "tooltip": {
          "mode": "multi"
        }
      },
      "pluginVersion": "8.0.0",
      "repeat": null,
      "targets": [
        {
          "queryType": "stats",
          "refId": "A",
          "statsInterval": "$interval",
          "statsType": "cluster"
        }
      ],
      "timeFrom": null,
      "timeShift": null,
      "title": "Average Latency",
      "transformations": [
        {
          "id": "filterFieldsByName",
          "options": {
            "include": {
              "names": ["etime", "avg_latency"]
            }
          }
        },
        {
          "id": "organize",
          "options": {
            "excludeByName": {},
            "indexByName": {},
            "renameByName": {
              "avg_latency": "Average Latency",
              "cpu_idle": "Idle",
              "cpu_iowait": "IOWait",
              "cpu_irqs": "IRQs",
              "cpu_nice": "Nice",
              "cpu_steal": "Steal",
              "cpu_system": "System",
              "cpu_user": "User",
              "etime": "Time"
            }
          }
        }
      ],
      "type": "timeseries"
    },
    {
      "datasource": "$cluster",
      "fieldConfig": {
        "defaults": {
          "color": {
            "mode": "palette-classic"
          },
          "custom": {
            "axisLabel": "",
            "axisPlacement": "auto",
            "barAlignment": 0,
            "drawStyle": "line",
            "fillOpacity": 52,
            "gradientMode": "opacity",
            "hideFrom": {
              "legend": false,
              "tooltip": false,
              "viz": false
            },
            "lineInterpolation": "linear",
            "lineWidth": 1,
            "pointSize": 5,
            "scaleDistribution": {
              "type": "linear"
            },
            "showPoints": "never",
            "spanNulls": true,
            "stacking": {
              "group": "A",
              "mode": "none"
            },
            "thresholdsStyle": {
              "mode": "off"
            }
          },
          "mappings": [],
          "min": 0,
          "thresholds": {
            "mode": "absolute",
            "steps": [
              {
                "color": "green",
                "value": null
              },
              {
                "color": "red",
                "value": 80
              }
            ]
          },
          "unit": "decbytes"
        },
        "overrides": []
      },
      "gridPos": {
        "h": 7,
        "w": 6,
        "x": 12,
        "y": 1
      },
      "id": 15,
      "options": {
        "legend": {
          "calcs": ["mean", "lastNotNull", "max"],
          "displayMode": "table",
          "placement": "bottom"
        },
        "tooltip": {
          "mode": "multi"
        }
      },
      "pluginVersion": "8.0.0",
      "targets": [
        {
          "queryType": "stats",
          "refId": "A",
          "statsInterval": "$interval",
          "statsType": "cluster"
        }
      ],
      "timeFrom": null,
      "timeShift": null,
      "title": "Memory",
      "transformations": [
        {
          "id": "filterFieldsByName",
          "options": {
            "include": {
              "names": [
                "available_memory",
                "available_memory_no_overbooking",
                "provisional_memory",
                "provisional_memory_no_overbooking",
                "etime",
                "free_memory"
              ]
            }
          }
        },
        {
          "id": "organize",
          "options": {
            "excludeByName": {},
            "indexByName": {},
            "renameByName": {
              "available_memory": "Available",
              "available_memory_no_overbooking": "Available (No Overbooking)",
              "cpu_idle": "Idle",
              "cpu_iowait": "IOWait",
              "cpu_irqs": "IRQs",
              "cpu_nice": "Nice",
              "cpu_steal": "Steal",
              "cpu_system": "System",
              "cpu_user": "User",
              "etime": "Time",
              "free_memory": "Free",
              "provisional_memory": "Provisional",
              "provisional_memory_no_overbooking": "Provisional (No Overbooking)"
            }
          }
        }
      ],
      "type": "timeseries"
    },
    {
      "datasource": "$cluster",
      "fieldConfig": {
        "defaults": {
          "color": {
            "mode": "palette-classic"
          },
          "custom": {
            "axisLabel": "",
            "axisPlacement": "auto",
            "barAlignment": 0,
            "drawStyle": "line",
            "fillOpacity": 53,
            "gradientMode": "opacity",
            "hideFrom": {
              "legend": false,
              "tooltip": false,
              "viz": false
            },
            "lineInterpolation": "linear",
            "lineWidth": 1,
            "pointSize": 5,
            "scaleDistribution": {
              "type": "linear"
            },
            "showPoints": "never",
            "spanNulls": true,
            "stacking": {
              "group": "A",
              "mode": "none"
            },
            "thresholdsStyle": {
              "mode": "off"
            }
          },
          "decimals": 2,
          "mappings": [],
          "max": 1,
          "min": 0,
          "thresholds": {
            "mode": "absolute",
            "steps": [
              {
                "color": "green",
                "value": null
              },
              {
                "color": "red",
                "value": 80
              }
            ]
          },
          "unit": "percentunit"
        },
        "overrides": []
      },
      "gridPos": {
        "h": 7,
        "w": 6,
        "x": 18,
        "y": 1
      },
      "id": 17,
      "options": {
        "legend": {
          "calcs": ["mean", "lastNotNull", "max"],
          "displayMode": "table",
          "placement": "bottom"
        },
        "tooltip": {
          "mode": "multi"
        }
      },
      "pluginVersion": "8.0.0",
      "targets": [
        {
          "queryType": "stats",
          "refId": "A",
          "statsInterval": "$interval",
          "statsType": "cluster"
        }
      ],
      "timeFrom": null,
      "timeShift": null,
      "title": "CPU",
      "transformations": [
        {
          "id": "filterFieldsByName",
          "options": {
            "include": {
              "names": ["cpu_iowait", "cpu_irqs", "cpu_nice", "cpu_steal", "cpu_system", "cpu_user", "etime"]
            }
          }
        },
        {
          "id": "organize",
          "options": {
            "excludeByName": {},
            "indexByName": {},
            "renameByName": {
              "cpu_idle": "Idle",
              "cpu_iowait": "IOWait",
              "cpu_irqs": "IRQs",
              "cpu_nice": "Nice",
              "cpu_steal": "Steal",
              "cpu_system": "System",
              "cpu_user": "User",
              "etime": "Time"
            }
          }
        }
      ],
      "type": "timeseries"
    },
    {
      "datasource": "$cluster",
      "fieldConfig": {
        "defaults": {
          "mappings": [],
          "thresholds": {
            "mode": "absolute",
            "steps": [
              {
                "color": "dark-blue",
                "value": null
              }
            ]
          },
          "unit": "dateTimeFromNow"
        },
        "overrides": [
          {
            "matcher": {
              "id": "byType",
              "options": "time"
            },
            "properties": [
              {
                "id": "unit",
                "value": "dateTimeFromNow"
              }
            ]
          }
        ]
      },
      "gridPos": {
        "h": 5,
        "w": 4,
        "x": 0,
        "y": 3
      },
      "id": 10,
      "options": {
        "colorMode": "background",
        "graphMode": "area",
        "justifyMode": "center",
        "orientation": "auto",
        "reduceOptions": {
          "calcs": ["mean"],
          "fields": "/.*/",
          "values": true
        },
        "text": {},
        "textMode": "auto"
      },
      "pluginVersion": "8.2.3",
      "targets": [
        {
          "queryType": "license",
          "refId": "A"
        }
      ],
      "timeFrom": null,
      "timeShift": null,
      "title": "License Expiration",
      "transformations": [
        {
          "id": "filterFieldsByName",
          "options": {
            "include": {
              "names": ["expiration_date"]
            }
          }
        }
      ],
      "type": "stat"
    }
  ],
  "refresh": false,
  "schemaVersion": 31,
  "style": "dark",
  "tags": [],
  "templating": {
    "list": [
      {
        "current": {
          "selected": false,
          "text": "Redis Enterprise Software",
          "value": "Redis Enterprise Software"
        },
        "description": null,
        "error": null,
        "hide": 0,
        "includeAll": true,
        "label": "Cluster",
        "multi": false,
        "name": "cluster",
        "options": [],
        "query": "redis-enterprise-software-datasource",
        "queryValue": "",
        "refresh": 1,
        "regex": "",
        "skipUrlSync": false,
        "type": "datasource"
      },
      {
        "allValue": null,
        "current": {
          "selected": true,
          "text": "1hour",
          "value": "1hour"
        },
        "description": null,
        "error": null,
        "hide": 0,
        "includeAll": false,
        "label": "Interval",
        "multi": false,
        "name": "interval",
        "options": [
          {
            "selected": false,
            "text": "1sec",
            "value": "1sec"
          },
          {
            "selected": false,
            "text": "10sec",
            "value": "10sec"
          },
          {
            "selected": false,
            "text": "5min",
            "value": "5min"
          },
          {
            "selected": false,
            "text": "15min",
            "value": "15min"
          },
          {
            "selected": true,
            "text": "1hour",
            "value": "1hour"
          },
          {
            "selected": false,
            "text": "12hour",
            "value": "12hour"
          },
          {
            "selected": false,
            "text": "1week",
            "value": "1week"
          }
        ],
        "query": "1sec,10sec,5min,15min,1hour,12hour,1week",
        "queryValue": "",
        "skipUrlSync": false,
        "type": "custom"
      }
    ]
  },
  "time": {
    "from": "now-24h",
    "to": "now"
  },
  "timepicker": {},
  "timezone": "",
  "title": "Enterprise Clusters",
  "uid": "1dKhTjtGk",
  "version": 3
}
