{
  "$schema": "https://raw.githubusercontent.com/grafana/grafana/main/docs/sources/developers/plugins/plugin.schema.json",
  "autoEnabled": true,
  "dependencies": {
    "grafanaDependency": "\u003e=11.2.0",
    "plugins": []
  },
  "id": "grafana-exploretraces-app",
  "includes": [
    {
      "action": "datasources:explore",
      "addToNav": true,
      "defaultNav": true,
      "name": "Explore",
      "path": "/a/grafana-exploretraces-app/",
      "type": "page"
    }
  ],
  "info": {
    "author": {
      "name": "Grafana"
    },
    "build": {
      "time": 1726839678719,
      "repo": "https://github.com/grafana/explore-traces",
      "branch": "main",
      "hash": "25a6fe8646cec1f2e42346ecc6e90f14c08d029c",
      "build": 75
    },
    "description": "Grafana app plugin that allows users for a query-less way to navigate and visualize trace data stored in Tempo.",
    "keywords": [
      "app",
      "tempo",
      "traces",
      "explore"
    ],
    "links": [
      {
        "name": "Github",
        "url": "https://github.com/grafana/explore-traces"
      },
      {
        "name": "Report bug",
        "url": "https://github.com/grafana/explore-traces/issues/new"
      }
    ],
    "logos": {
      "large": "img/logo.svg",
      "small": "img/logo.svg"
    },
    "screenshots": [
      {
        "name": "patterns",
        "path": "img/histogram-breakdown.png"
      },
      {
        "name": "fields",
        "path": "img/errors-metric-flow.png"
      },
      {
        "name": "table",
        "path": "img/errors-root-cause.png"
      }
    ],
    "updated": "2024-09-20",
    "version": "0.1.2"
  },
  "name": "Explore Traces",
  "type": "app"
}